Player,Pos,Year,Salary,PTS,TRB,AST,STL,BLK,FGA,FG,FTA,FT,TOV,Efficiency,Salary_per_Efficiency,Team_sal,Team_stats,G,MP
Stephen Curry,PG,2017.0,55761216,1999.0,353.0,523.0,143.0,17.0,1443.0,675.0,362.0,325.0,239.0,1991.0,28006.637870416875,GSW,GSW,79.0,2638.0
Joel Embiid,C,2017.0,51415938,627.0,243.0,66.0,27.0,76.0,429.0,200.0,244.0,191.0,117.0,640.0,80337.403125,PHI,PHI,31.0,786.0
Nikola Jokic,C,2017.0,51415938,1221.0,718.0,359.0,61.0,56.0,854.0,494.0,228.0,188.0,171.0,1844.0,27882.829718004337,DEN,DEN,73.0,2038.0
Kevin Durant,SF,2017.0,51179021,1555.0,513.0,300.0,66.0,99.0,1026.0,551.0,384.0,336.0,138.0,1872.0,27339.22061965812,PHO,GSW,62.0,2070.0
Bradley Beal,SG,2017.0,50203930,1779.0,239.0,267.0,83.0,21.0,1322.0,637.0,342.0,282.0,157.0,1487.0,33761.88971082717,PHO,WAS,77.0,2684.0
Jaylen Brown,SF,2017.0,49205800,515.0,220.0,64.0,35.0,18.0,423.0,192.0,124.0,85.0,68.0,514.0,95731.12840466926,BOS,BOS,78.0,1341.0
Devin Booker,SG,2017.0,49205800,1726.0,249.0,268.0,72.0,21.0,1431.0,606.0,441.0,367.0,241.0,1196.0,41141.97324414716,PHO,PHO,78.0,2730.0
Karl-Anthony Towns,C,2017.0,49205800,2061.0,1007.0,220.0,57.0,103.0,1479.0,802.0,428.0,356.0,212.0,2487.0,19785.20305589063,NYK,MIN,82.0,3030.0
Paul George,SF,2017.0,49205800,1775.0,492.0,251.0,117.0,27.0,1349.0,622.0,374.0,336.0,218.0,1679.0,29306.611078022634,PHI,IND,75.0,2689.0
Kawhi Leonard,SF,2017.0,49205800,1888.0,430.0,260.0,132.0,55.0,1311.0,636.0,533.0,469.0,154.0,1872.0,26285.149572649574,LAC,SAS,74.0,2474.0
Jimmy Butler,SF,2017.0,48798677,1816.0,470.0,417.0,143.0,32.0,1252.0,570.0,676.0,585.0,159.0,1946.0,25076.401336074,GSW,CHI,76.0,2809.0
Giannis Antetokounmpo,SF,2017.0,48787676,1832.0,700.0,434.0,131.0,151.0,1259.0,656.0,612.0,471.0,234.0,2270.0,21492.368281938325,MIL,MIL,80.0,2845.0
Damian Lillard,PG,2017.0,48787676,2024.0,368.0,439.0,68.0,20.0,1488.0,661.0,545.0,488.0,197.0,1838.0,26543.89336235038,MIL,POR,75.0,2694.0
LeBron James,SF,2017.0,48728845,1954.0,640.0,646.0,92.0,44.0,1344.0,736.0,531.0,358.0,303.0,2292.0,21260.403577661433,LAL,CLE,74.0,2794.0
Zach LaVine,SG,2017.0,44531940,889.0,159.0,139.0,41.0,10.0,710.0,326.0,140.0,117.0,85.0,746.0,59694.28954423592,SAC,MIN,47.0,1749.0
Rudy Gobert,C,2017.0,43827586,1137.0,1035.0,97.0,49.0,214.0,624.0,413.0,476.0,311.0,148.0,2008.0,21826.48705179283,MIN,UTA,81.0,2744.0
Anthony Davis,C,2017.0,43219440,2099.0,886.0,157.0,94.0,167.0,1527.0,770.0,647.0,519.0,181.0,2337.0,18493.555840821566,DAL,NOP,75.0,2708.0
Fred VanVleet,PG,2017.0,42846615,107.0,42.0,35.0,17.0,2.0,111.0,39.0,22.0,18.0,15.0,112.0,382559.0625,HOU,TOR,37.0,294.0
Pascal Siakam,PF,2017.0,42176400,229.0,185.0,17.0,26.0,45.0,205.0,103.0,32.0,22.0,33.0,357.0,118141.17647058824,IND,TOR,55.0,859.0
Kyrie Irving,PG,2017.0,41000000,1816.0,230.0,418.0,83.0,25.0,1420.0,671.0,328.0,297.0,180.0,1612.0,25434.24317617866,DAL,CLE,72.0,2525.0
Domantas Sabonis,PF,2017.0,40500000,479.0,287.0,82.0,39.0,32.0,481.0,192.0,67.0,44.0,83.0,524.0,77290.07633587786,SAC,OKC,81.0,1632.0
Jamal Murray,SG,2017.0,36016200,811.0,214.0,170.0,52.0,24.0,730.0,295.0,120.0,106.0,113.0,709.0,50798.58956276446,DEN,DEN,82.0,1764.0
Brandon Ingram,SF,2017.0,36016200,740.0,317.0,166.0,50.0,36.0,686.0,276.0,214.0,133.0,116.0,702.0,51305.1282051282,TOR,LAL,79.0,2279.0
James Harden,PG,2017.0,33653846,2356.0,659.0,906.0,120.0,37.0,1533.0,674.0,881.0,746.0,464.0,2620.0,12844.979389312977,LAC,HOU,81.0,2947.0
Julius Randle,PF,2017.0,33073920,975.0,636.0,264.0,49.0,37.0,773.0,377.0,282.0,204.0,173.0,1314.0,25170.41095890411,MIN,LAL,74.0,2132.0
Khris Middleton,SF,2017.0,31000000,426.0,123.0,99.0,41.0,7.0,333.0,150.0,92.0,81.0,65.0,437.0,70938.21510297483,WAS,MIL,29.0,889.0
Jrue Holiday,PG,2017.0,30000000,1029.0,264.0,488.0,100.0,43.0,894.0,405.0,168.0,119.0,194.0,1192.0,25167.78523489933,BOS,NOP,67.0,2190.0
Jerami Grant,SF,2017.0,29793104,437.0,206.0,46.0,33.0,79.0,328.0,152.0,147.0,90.0,44.0,524.0,56857.068702290075,POR,TOT,80.0,1531.0
Jerami Grant,SF,2017.0,29793104,16.0,7.0,0.0,0.0,4.0,17.0,6.0,8.0,4.0,3.0,9.0,3310344.888888889,POR,PHI,2.0,41.0
Jerami Grant,SF,2017.0,29793104,421.0,199.0,46.0,33.0,75.0,311.0,146.0,139.0,86.0,41.0,515.0,57850.687378640774,POR,OKC,78.0,1490.0
Dejounte Murray,PG,2017.0,29517135,130.0,42.0,48.0,8.0,6.0,116.0,50.0,30.0,21.0,38.0,121.0,243943.26446280992,NOP,SAS,38.0,322.0
Kristaps Porzingis,PF,2017.0,29268293,1196.0,475.0,97.0,47.0,130.0,985.0,443.0,252.0,198.0,118.0,1231.0,23776.03005686434,BOS,NYK,66.0,2164.0
Andrew Wiggins,SF,2017.0,26276786,1933.0,329.0,189.0,82.0,30.0,1570.0,709.0,542.0,412.0,187.0,1385.0,18972.40866425993,MIA,MIN,82.0,3048.0
Tobias Harris,PF,2017.0,25365854,1321.0,416.0,142.0,60.0,39.0,1063.0,511.0,226.0,190.0,95.0,1295.0,19587.532046332046,DET,DET,82.0,2567.0
Terry Rozier,PG,2017.0,24924126,410.0,227.0,131.0,45.0,11.0,411.0,151.0,66.0,51.0,47.0,502.0,49649.653386454185,MIA,BOS,74.0,1263.0
Draymond Green,PF,2017.0,24107143,776.0,599.0,533.0,154.0,106.0,650.0,272.0,213.0,151.0,184.0,1544.0,15613.434585492229,GSW,GSW,76.0,2471.0
DeMar DeRozan,SG,2017.0,23400000,2020.0,386.0,290.0,78.0,13.0,1545.0,721.0,647.0,545.0,180.0,1681.0,13920.285544318858,SAC,TOR,74.0,2620.0
Brook Lopez,C,2017.0,23000000,1539.0,403.0,176.0,38.0,124.0,1172.0,555.0,364.0,295.0,184.0,1410.0,16312.056737588653,MIL,BRK,75.0,2222.0
Aaron Gordon,SF,2017.0,22841455,1019.0,405.0,150.0,64.0,40.0,865.0,393.0,217.0,156.0,89.0,1056.0,21630.165719696968,DEN,ORL,80.0,2298.0
Kentavious Caldwell-Pope,SG,2017.0,22757000,1047.0,248.0,193.0,89.0,12.0,928.0,370.0,185.0,154.0,86.0,914.0,24898.24945295405,ORL,DET,76.0,2529.0
Malcolm Brogdon,SG,2017.0,22500000,767.0,213.0,317.0,84.0,12.0,635.0,290.0,126.0,109.0,113.0,918.0,24509.803921568626,WAS,MIL,75.0,1982.0
Clint Capela,C,2017.0,22265280,818.0,526.0,64.0,34.0,80.0,563.0,362.0,177.0,94.0,87.0,1151.0,19344.291920069503,ATL,HOU,65.0,1551.0
Marcus Smart,SG,2017.0,20210284,835.0,306.0,364.0,125.0,34.0,749.0,269.0,250.0,203.0,159.0,978.0,20664.912065439672,WAS,BOS,79.0,2399.0
Nikola Vucevic,C,2017.0,20000000,1096.0,779.0,208.0,77.0,74.0,1031.0,483.0,160.0,107.0,117.0,1516.0,13192.612137203167,CHI,ORL,75.0,2163.0
Myles Turner,C,2017.0,19928500,1173.0,587.0,106.0,74.0,173.0,869.0,444.0,303.0,245.0,105.0,1525.0,13067.868852459016,IND,IND,81.0,2541.0
Jakob Poeltl,C,2017.0,19500000,165.0,165.0,12.0,17.0,20.0,115.0,67.0,57.0,31.0,29.0,276.0,70652.17391304347,TOR,TOR,54.0,626.0
Norman Powell,SG,2017.0,19241379,636.0,168.0,82.0,51.0,14.0,506.0,227.0,159.0,126.0,70.0,569.0,33816.13181019332,LAC,TOR,76.0,1368.0
D'Angelo Russell,PG,2017.0,18692307,984.0,222.0,303.0,87.0,16.0,867.0,351.0,188.0,147.0,176.0,879.0,21265.423208191125,BRK,LAL,63.0,1811.0
Jusuf Nurkic,C,2017.0,18125000,662.0,467.0,123.0,50.0,74.0,534.0,271.0,210.0,120.0,143.0,880.0,20596.590909090908,CHO,TOT,65.0,1391.0
Jusuf Nurkic,C,2017.0,18125000,358.0,260.0,60.0,25.0,36.0,298.0,151.0,113.0,56.0,81.0,454.0,39922.907488986784,CHO,DEN,45.0,807.0
Jusuf Nurkic,C,2017.0,18125000,304.0,207.0,63.0,25.0,38.0,236.0,120.0,97.0,64.0,62.0,426.0,42546.94835680751,CHO,POR,20.0,584.0
Harrison Barnes,PF,2017.0,18000000,1518.0,397.0,117.0,66.0,15.0,1280.0,599.0,281.0,242.0,102.0,1291.0,13942.680092951201,SAS,DAL,79.0,2803.0
Caris LeVert,SF,2017.0,16615384,468.0,188.0,110.0,49.0,8.0,380.0,171.0,93.0,67.0,59.0,529.0,31409.043478260868,ATL,BRK,57.0,1237.0
Tim Hardaway Jr.,SG,2017.0,16193183,1143.0,224.0,182.0,55.0,15.0,912.0,415.0,214.0,164.0,106.0,966.0,16763.12939958592,DET,ATL,79.0,2154.0
Klay Thompson,SG,2017.0,15873016,1742.0,285.0,160.0,66.0,40.0,1376.0,644.0,218.0,186.0,128.0,1401.0,11329.775874375446,DAL,GSW,78.0,2649.0
Dorian Finney-Smith,PF,2017.0,14924167,350.0,221.0,67.0,52.0,25.0,333.0,124.0,61.0,46.0,45.0,446.0,33462.257847533634,LAL,DAL,81.0,1642.0
Jordan Clarkson,SG,2017.0,14092577,1205.0,246.0,213.0,88.0,8.0,1071.0,477.0,168.0,134.0,164.0,968.0,14558.447314049587,UTA,LAL,82.0,2397.0
Dennis Schroder,PG,2017.0,13025250,1414.0,248.0,499.0,74.0,16.0,1215.0,548.0,255.0,218.0,258.0,1289.0,10104.926299456944,DET,ATL,79.0,2485.0
Kelly Olynyk,C,2017.0,12804878,678.0,360.0,148.0,43.0,29.0,508.0,260.0,123.0,90.0,96.0,881.0,14534.481271282633,NOP,BOS,75.0,1538.0
Richaun Holmes,C,2017.0,12648321,559.0,311.0,58.0,42.0,55.0,412.0,230.0,103.0,72.0,55.0,757.0,16708.482166446498,WAS,PHI,57.0,1193.0
Steven Adams,C,2017.0,12600000,905.0,615.0,86.0,88.0,78.0,655.0,374.0,257.0,157.0,146.0,1245.0,10120.481927710844,HOU,OKC,80.0,2389.0
Bobby Portis,PF,2017.0,12578286,437.0,296.0,35.0,16.0,11.0,375.0,183.0,59.0,39.0,37.0,546.0,23037.153846153848,MIL,CHI,64.0,1000.0
Ivica Zubac,C,2017.0,11743210,284.0,159.0,30.0,14.0,33.0,238.0,126.0,49.0,32.0,30.0,361.0,32529.6675900277,LAC,LAL,38.0,609.0
P.J. Tucker,SF,2017.0,12025777,540.0,472.0,99.0,116.0,19.0,482.0,199.0,93.0,72.0,66.0,876.0,13728.055936073059,TOR,TOT,81.0,2236.0
P.J. Tucker,SF,2017.0,12025777,401.0,343.0,73.0,85.0,14.0,354.0,147.0,77.0,61.0,52.0,641.0,18760.96255850234,TOR,PHO,57.0,1627.0
P.J. Tucker,SF,2017.0,12025777,139.0,129.0,26.0,31.0,5.0,128.0,52.0,16.0,11.0,14.0,235.0,51173.51914893617,TOR,TOR,24.0,609.0
Larry Nance Jr.,PF,2017.0,11205000,449.0,369.0,96.0,82.0,40.0,361.0,190.0,80.0,59.0,56.0,788.0,14219.543147208122,ATL,LAL,63.0,1442.0
Chris Paul,PG,2017.0,10460000,1104.0,304.0,563.0,118.0,8.0,785.0,374.0,260.0,232.0,147.0,1511.0,6922.567835870284,SAS,LAC,61.0,1921.0
Mike Conley,PG,2017.0,9975962,1415.0,242.0,433.0,92.0,19.0,1009.0,464.0,368.0,316.0,156.0,1448.0,6889.476519337017,MIN,MEM,69.0,2292.0
Jonas Valanciunas,C,2017.0,9900000,959.0,759.0,57.0,37.0,63.0,702.0,391.0,217.0,176.0,106.0,1417.0,6986.591390261115,SAC,TOR,80.0,2066.0
Derrick Jones Jr.,SF,2017.0,9523810,168.0,79.0,12.0,14.0,13.0,121.0,68.0,41.0,29.0,13.0,208.0,45787.54807692308,LAC,PHO,32.0,545.0
Al Horford,C,2017.0,9500000,952.0,464.0,337.0,52.0,87.0,801.0,379.0,135.0,108.0,116.0,1327.0,7159.005275056518,BOS,BOS,68.0,2193.0
Pat Connaughton,SG,2017.0,9423869,98.0,52.0,28.0,6.0,2.0,72.0,37.0,9.0,7.0,17.0,132.0,71392.94696969698,MIL,POR,39.0,316.0
T.J. McConnell,PG,2017.0,9300000,556.0,251.0,534.0,134.0,10.0,512.0,236.0,90.0,73.0,159.0,1033.0,9002.904162633107,IND,PHI,81.0,2133.0
Gary Payton II,PG,2017.0,9130000,20.0,12.0,13.0,3.0,4.0,22.0,8.0,5.0,3.0,10.0,26.0,351153.8461538461,GSW,MIL,6.0,99.0
Buddy Hield,SG,2017.0,8780488,866.0,269.0,121.0,38.0,9.0,768.0,327.0,76.0,64.0,101.0,749.0,11722.947930574099,GSW,TOT,82.0,1888.0
Buddy Hield,SG,2017.0,8780488,488.0,166.0,77.0,18.0,7.0,472.0,185.0,33.0,29.0,48.0,417.0,21056.326139088727,GSW,NOP,57.0,1161.0
Buddy Hield,SG,2017.0,8780488,378.0,103.0,44.0,20.0,2.0,296.0,142.0,43.0,35.0,53.0,332.0,26447.253012048193,GSW,SAC,25.0,727.0
Kyle Anderson,SG,2017.0,8780488,246.0,208.0,91.0,51.0,26.0,209.0,93.0,57.0,45.0,39.0,455.0,19297.775824175824,MIA,SAS,72.0,1020.0
Georges Niang,PF,2017.0,8500000,21.0,17.0,5.0,3.0,0.0,36.0,9.0,2.0,2.0,5.0,14.0,607142.8571428572,ATL,IND,23.0,93.0
Trey Lyles,PF,2017.0,8000000,440.0,235.0,70.0,26.0,20.0,439.0,159.0,79.0,57.0,64.0,425.0,18823.529411764706,SAC,UTA,71.0,1158.0
Jeff Green,PF,2017.0,8000000,638.0,214.0,81.0,37.0,13.0,558.0,220.0,168.0,145.0,75.0,547.0,14625.228519195613,HOU,ORL,69.0,1534.0
Kevon Looney,C,2017.0,8000000,135.0,124.0,29.0,14.0,17.0,107.0,56.0,34.0,21.0,17.0,238.0,33613.445378151264,GSW,GSW,53.0,447.0
Kelly Oubre Jr.,SF,2017.0,7983000,501.0,260.0,47.0,58.0,17.0,442.0,186.0,99.0,75.0,49.0,554.0,14409.747292418773,PHI,WAS,79.0,1605.0
Gary Harris,SG,2017.0,7500000,851.0,178.0,164.0,71.0,8.0,637.0,320.0,134.0,104.0,76.0,849.0,8833.922261484098,ORL,DEN,57.0,1782.0
Malik Beasley,SG,2017.0,6000000,83.0,17.0,11.0,7.0,0.0,73.0,33.0,10.0,8.0,8.0,68.0,88235.29411764706,DET,DEN,22.0,165.0
Davis Bertans,PF,2017.0,5250000,303.0,99.0,46.0,20.0,28.0,234.0,103.0,34.0,28.0,32.0,327.0,16055.045871559632,CHO,SAS,67.0,808.0
Kris Dunn,PG,2017.0,5168000,293.0,166.0,188.0,78.0,36.0,313.0,118.0,59.0,36.0,89.0,454.0,11383.259911894273,LAC,MIN,78.0,1333.0
Dario Saric,PF,2017.0,5168000,1040.0,513.0,182.0,57.0,30.0,927.0,381.0,220.0,172.0,183.0,1045.0,4945.454545454545,DEN,PHI,81.0,2129.0
Andre Drummond,C,2017.0,5000000,1105.0,1116.0,89.0,124.0,89.0,911.0,483.0,355.0,137.0,152.0,1725.0,2898.550724637681,PHI,DET,81.0,2409.0
Nicolas Batum,SG,2017.0,4668000,1164.0,481.0,455.0,86.0,29.0,975.0,393.0,284.0,243.0,194.0,1398.0,3339.0557939914165,LAC,CHO,77.0,2617.0
Dwight Powell,C,2017.0,4000000,516.0,306.0,49.0,61.0,39.0,377.0,194.0,141.0,107.0,34.0,720.0,5555.555555555556,DAL,DAL,77.0,1333.0
Kevin Love,PF,2017.0,3850000,1142.0,666.0,116.0,53.0,22.0,867.0,370.0,295.0,257.0,122.0,1342.0,2868.8524590163934,MIA,CLE,60.0,1885.0
Cody Zeller,PF,2017.0,3500000,639.0,405.0,99.0,62.0,58.0,443.0,253.0,196.0,133.0,65.0,945.0,3703.703703703704,HOU,CHO,62.0,1725.0
Eric Gordon,SG,2017.0,3303771,1217.0,201.0,188.0,48.0,40.0,1016.0,412.0,175.0,147.0,121.0,941.0,3510.914984059511,PHI,HOU,75.0,2323.0
Cory Joseph,SG,2017.0,3303771,740.0,235.0,265.0,66.0,13.0,661.0,299.0,122.0,94.0,108.0,821.0,4024.0816077953714,ORL,TOR,80.0,2003.0
Russell Westbrook,PG,2017.0,5631296,2558.0,864.0,840.0,133.0,31.0,1941.0,824.0,840.0,710.0,438.0,2741.0,2054.4677125136814,DEN,OKC,81.0,2802.0
Dante Exum,PG,2017.0,3150000,412.0,132.0,112.0,21.0,12.0,363.0,155.0,73.0,58.0,80.0,386.0,8160.621761658031,DAL,UTA,66.0,1228.0
Josh Richardson,SG,2017.0,3051153,539.0,168.0,140.0,60.0,39.0,513.0,202.0,77.0,60.0,65.0,553.0,5517.455696202532,UTA,MIA,53.0,1614.0
Christian Wood,PF,2017.0,3036040,35.0,29.0,2.0,3.0,6.0,23.0,12.0,15.0,11.0,7.0,53.0,57283.77358490566,LAL,CHO,13.0,107.0
Dewayne Dedmon,C,2017.0,2748674,387.0,495.0,44.0,37.0,61.0,259.0,161.0,93.0,65.0,61.0,837.0,3283.959378733572,DET,SAS,76.0,1330.0
Russell Westbrook,PG,2017.0,5631296,2558.0,864.0,840.0,133.0,31.0,1941.0,824.0,840.0,710.0,438.0,2741.0,2054.4677125136814,UTA,OKC,81.0,2802.0
JaVale McGee,C,2017.0,2208856,472.0,244.0,17.0,19.0,67.0,319.0,208.0,111.0,56.0,40.0,613.0,3603.353996737357,DAL,GSW,77.0,739.0
Reggie Jackson,PG,2017.0,4033748,752.0,113.0,270.0,35.0,5.0,677.0,284.0,136.0,118.0,114.0,650.0,6205.766153846153,WAS,DET,52.0,1424.0
Alex Len,C,2017.0,2831348,613.0,510.0,44.0,37.0,98.0,463.0,230.0,208.0,150.0,102.0,909.0,3114.794279427943,WAS,PHO,77.0,1560.0
Garrett Temple,SG,2017.0,2087519,506.0,183.0,169.0,84.0,28.0,432.0,183.0,74.0,58.0,78.0,627.0,3329.37639553429,TOR,SAC,65.0,1728.0
Doug McDermott,SF,2017.0,2087519,592.0,179.0,58.0,13.0,5.0,497.0,222.0,84.0,71.0,38.0,521.0,4006.7543186180424,SAC,TOT,66.0,1508.0
Doug McDermott,SF,2017.0,2087519,447.0,130.0,45.0,11.0,4.0,373.0,166.0,67.0,59.0,32.0,390.0,5352.612820512821,SAC,CHI,44.0,1078.0
Doug McDermott,SF,2017.0,2087519,145.0,49.0,13.0,2.0,1.0,124.0,56.0,17.0,12.0,6.0,131.0,15935.259541984733,SAC,OKC,22.0,430.0
Tyus Jones,PG,2017.0,2087519,209.0,67.0,156.0,47.0,5.0,181.0,75.0,43.0,33.0,38.0,330.0,6325.815151515151,PHO,MIN,60.0,774.0
Mason Plumlee,C,2017.0,2087519,842.0,606.0,284.0,69.0,92.0,623.0,334.0,300.0,174.0,135.0,1343.0,1554.3700670141475,PHO,TOT,81.0,2148.0
Mason Plumlee,C,2017.0,2087519,597.0,433.0,214.0,50.0,63.0,442.0,235.0,224.0,127.0,89.0,964.0,2165.4761410788383,PHO,POR,54.0,1516.0
Mason Plumlee,C,2017.0,2087519,245.0,173.0,70.0,19.0,29.0,181.0,99.0,76.0,47.0,46.0,379.0,5507.965699208443,PHO,DEN,27.0,632.0
Kyle Lowry,PG,2017.0,2087519,1344.0,288.0,417.0,88.0,19.0,918.0,426.0,365.0,299.0,173.0,1425.0,1464.9256140350876,PHI,TOR,60.0,2244.0
Cameron Payne,PG,2017.0,2087519,160.0,48.0,55.0,14.0,5.0,193.0,64.0,8.0,5.0,29.0,121.0,17252.22314049587,NYK,TOT,31.0,462.0
Cameron Payne,PG,2017.0,2087519,106.0,31.0,40.0,10.0,5.0,130.0,43.0,4.0,4.0,16.0,89.0,23455.26966292135,NYK,OKC,20.0,320.0
Cameron Payne,PG,2017.0,2087519,54.0,17.0,15.0,4.0,0.0,63.0,21.0,4.0,1.0,13.0,32.0,65234.96875,NYK,CHI,11.0,142.0
Delon Wright,PG,2017.0,2087519,150.0,48.0,57.0,27.0,11.0,116.0,49.0,55.0,42.0,25.0,188.0,11103.824468085106,NYK,TOR,27.0,446.0
Joe Ingles,SF,2017.0,2087519,581.0,260.0,224.0,96.0,8.0,451.0,204.0,68.0,50.0,107.0,797.0,2619.2208281053954,MIN,UTA,82.0,1972.0
Alec Burks,SG,2017.0,2087519,283.0,120.0,30.0,18.0,5.0,248.0,99.0,78.0,60.0,35.0,254.0,8218.57874015748,MIA,UTA,42.0,653.0
Markieff Morris,PF,2017.0,2087519,1063.0,492.0,126.0,82.0,42.0,889.0,406.0,215.0,180.0,129.0,1158.0,1802.6934369602764,LAL,WAS,76.0,2374.0
Patty Mills,PG,2017.0,2087519,759.0,142.0,280.0,65.0,3.0,622.0,273.0,80.0,66.0,101.0,785.0,2659.2598726114647,LAC,SAS,80.0,1754.0
James Johnson,PF,2017.0,2087519,975.0,375.0,276.0,76.0,86.0,769.0,368.0,215.0,152.0,171.0,1153.0,1810.510841283608,IND,MIA,76.0,2085.0
DeAndre Jordan,C,2017.0,2087519,1029.0,1114.0,96.0,52.0,135.0,577.0,412.0,425.0,205.0,116.0,1925.0,1084.4254545454546,DEN,LAC,81.0,2570.0
Spencer Dinwiddie,PG,2017.0,2087519,432.0,164.0,185.0,44.0,23.0,302.0,134.0,159.0,126.0,66.0,581.0,3592.975903614458,DAL,BRK,59.0,1334.0
Tristan Thompson,C,2017.0,2087519,630.0,716.0,77.0,39.0,84.0,437.0,262.0,213.0,106.0,64.0,1200.0,1739.5991666666666,CLE,CLE,78.0,2336.0
Seth Curry,PG,2017.0,2087519,898.0,178.0,188.0,79.0,7.0,703.0,338.0,100.0,85.0,92.0,878.0,2377.584282460137,CHO,DAL,70.0,2029.0
Taj Gibson,PF,2017.0,2087519,846.0,486.0,73.0,42.0,66.0,709.0,365.0,158.0,113.0,105.0,1019.0,2048.595682041217,CHO,TOT,78.0,1989.0
Taj Gibson,PF,2017.0,2087519,639.0,383.0,60.0,28.0,51.0,530.0,276.0,119.0,85.0,77.0,796.0,2622.511306532663,CHO,CHI,55.0,1502.0
Taj Gibson,PF,2017.0,2087519,207.0,103.0,13.0,14.0,15.0,179.0,89.0,39.0,28.0,28.0,223.0,9361.071748878923,CHO,OKC,23.0,487.0
Reggie Jackson,PG,2017.0,4033748,752.0,113.0,270.0,35.0,5.0,677.0,284.0,136.0,118.0,114.0,650.0,6205.766153846153,CHO,DET,52.0,1424.0
Jae Crowder,SF,2017.0,1655619,999.0,415.0,155.0,72.0,23.0,720.0,333.0,217.0,176.0,79.0,1157.0,1430.9585133967157,SAC,BOS,72.0,2335.0
Eric Bledsoe,PG,2017.0,1300000,1390.0,320.0,418.0,92.0,31.0,1034.0,449.0,458.0,388.0,223.0,1373.0,946.8317552804078,POR,PHO,66.0,2176.0
Alex Len,C,2017.0,2831348,613.0,510.0,44.0,37.0,98.0,463.0,230.0,208.0,150.0,102.0,909.0,3114.794279427943,LAL,PHO,77.0,1560.0
Nik Stauskas,SG,2017.0,702310,756.0,226.0,188.0,45.0,32.0,634.0,251.0,150.0,122.0,128.0,708.0,991.9632768361582,IND,PHI,80.0,2188.0
Bismack Biyombo,C,2017.0,647851,483.0,567.0,74.0,25.0,91.0,339.0,179.0,234.0,125.0,95.0,876.0,739.5559360730593,SAS,ORL,81.0,1793.0
Ricky Rubio,PG,2017.0,424672,836.0,305.0,682.0,128.0,10.0,650.0,261.0,285.0,254.0,195.0,1346.0,315.5066864784547,CLE,MIN,75.0,2469.0
Elfrid Payton,PG,2017.0,789048,1046.0,387.0,529.0,88.0,40.0,912.0,430.0,211.0,146.0,178.0,1365.0,578.0571428571428,NOP,ORL,82.0,2412.0
P.J. Tucker,SF,2017.0,12025777,540.0,472.0,99.0,116.0,19.0,482.0,199.0,93.0,72.0,66.0,876.0,13728.055936073059,NYK,TOT,81.0,2236.0
P.J. Tucker,SF,2017.0,12025777,401.0,343.0,73.0,85.0,14.0,354.0,147.0,77.0,61.0,52.0,641.0,18760.96255850234,NYK,PHO,57.0,1627.0
P.J. Tucker,SF,2017.0,12025777,139.0,129.0,26.0,31.0,5.0,128.0,52.0,16.0,11.0,14.0,235.0,51173.51914893617,NYK,TOR,24.0,609.0
Bismack Biyombo,C,2017.0,647851,483.0,567.0,74.0,25.0,91.0,339.0,179.0,234.0,125.0,95.0,876.0,739.5559360730593,SAS,ORL,81.0,1793.0
Bismack Biyombo,C,2017.0,647851,483.0,567.0,74.0,25.0,91.0,339.0,179.0,234.0,125.0,95.0,876.0,739.5559360730593,SAS,ORL,81.0,1793.0
Elfrid Payton,PG,2017.0,789048,1046.0,387.0,529.0,88.0,40.0,912.0,430.0,211.0,146.0,178.0,1365.0,578.0571428571428,NOP,ORL,82.0,2412.0
Elfrid Payton,PG,2017.0,789048,1046.0,387.0,529.0,88.0,40.0,912.0,430.0,211.0,146.0,178.0,1365.0,578.0571428571428,NOP,ORL,82.0,2412.0
P.J. Tucker,SF,2017.0,12025777,540.0,472.0,99.0,116.0,19.0,482.0,199.0,93.0,72.0,66.0,876.0,13728.055936073059,NYK,TOT,81.0,2236.0
P.J. Tucker,SF,2017.0,12025777,401.0,343.0,73.0,85.0,14.0,354.0,147.0,77.0,61.0,52.0,641.0,18760.96255850234,NYK,PHO,57.0,1627.0
P.J. Tucker,SF,2017.0,12025777,139.0,129.0,26.0,31.0,5.0,128.0,52.0,16.0,11.0,14.0,235.0,51173.51914893617,NYK,TOR,24.0,609.0
P.J. Tucker,SF,2017.0,12025777,540.0,472.0,99.0,116.0,19.0,482.0,199.0,93.0,72.0,66.0,876.0,13728.055936073059,NYK,TOT,81.0,2236.0
P.J. Tucker,SF,2017.0,12025777,401.0,343.0,73.0,85.0,14.0,354.0,147.0,77.0,61.0,52.0,641.0,18760.96255850234,NYK,PHO,57.0,1627.0
P.J. Tucker,SF,2017.0,12025777,139.0,129.0,26.0,31.0,5.0,128.0,52.0,16.0,11.0,14.0,235.0,51173.51914893617,NYK,TOR,24.0,609.0
Elfrid Payton,PG,2017.0,789048,1046.0,387.0,529.0,88.0,40.0,912.0,430.0,211.0,146.0,178.0,1365.0,578.0571428571428,CHO,ORL,82.0,2412.0
Elfrid Payton,PG,2017.0,789048,1046.0,387.0,529.0,88.0,40.0,912.0,430.0,211.0,146.0,178.0,1365.0,578.0571428571428,CHO,ORL,82.0,2412.0
Skal Labissiere,PF,2017.0,119972,289.0,162.0,27.0,16.0,13.0,218.0,117.0,74.0,52.0,37.0,347.0,345.7406340057637,SAC,SAC,33.0,612.0
Jahlil Okafor,C,2017.0,119972,590.0,240.0,58.0,20.0,49.0,471.0,242.0,158.0,106.0,91.0,585.0,205.08034188034188,IND,PHI,50.0,1134.0
Elfrid Payton,PG,2017.0,789048,1046.0,387.0,529.0,88.0,40.0,912.0,430.0,211.0,146.0,178.0,1365.0,578.0571428571428,NOP,ORL,82.0,2412.0
